[
  { "value": "UTC", "label": "UTC (Coordinated Universal Time)" },

  { "value": "America/New_York", "label": "Eastern Time (US & Canada)" },
  { "value": "America/Chicago", "label": "Central Time (US & Canada)" },
  { "value": "America/Denver", "label": "Mountain Time (US & Canada)" },
  { "value": "America/Los_Angeles", "label": "Pacific Time (US & Canada)" },
  { "value": "America/Anchorage", "label": "Alaska (US)" },
  { "value": "Pacific/Honolulu", "label": "Hawaii (US)" },

  { "value": "America/Toronto", "label": "Toronto (Canada)" },
  { "value": "America/Vancouver", "label": "Vancouver (Canada)" },
  { "value": "America/Mexico_City", "label": "Mexico City (Mexico)" },
  { "value": "America/Sao_Paulo", "label": "São Paulo (Brazil)" },
  { "value": "America/Buenos_Aires", "label": "Buenos Aires (Argentina)" },

  { "value": "Europe/London", "label": "London (UK)" },
  { "value": "Europe/Paris", "label": "Paris (France)" },
  { "value": "Europe/Berlin", "label": "Berlin (Germany)" },
  { "value": "Europe/Madrid", "label": "Madrid (Spain)" },
  { "value": "Europe/Rome", "label": "Rome (Italy)" },
  { "value": "Europe/Amsterdam", "label": "Amsterdam (Netherlands)" },
  { "value": "Europe/Stockholm", "label": "Stockholm (Sweden)" },
  { "value": "Europe/Warsaw", "label": "Warsaw (Poland)" },
  { "value": "Europe/Athens", "label": "Athens (Greece)" },
  { "value": "Europe/Istanbul", "label": "Istanbul (Turkey)" },
  { "value": "Europe/Moscow", "label": "Moscow (Russia)" },

  { "value": "Africa/Cairo", "label": "Cairo (Egypt)" },
  { "value": "Africa/Johannesburg", "label": "Johannesburg (South Africa)" },
  { "value": "Africa/Nairobi", "label": "Nairobi (Kenya)" },

  { "value": "Asia/Dubai", "label": "Dubai (UAE)" },
  { "value": "Asia/Riyadh", "label": "Riyadh (Saudi Arabia)" },
  { "value": "Asia/Tehran", "label": "Tehran (Iran)" },
  { "value": "Asia/Karachi", "label": "Karachi (Pakistan)" },
  { "value": "Asia/Kolkata", "label": "India (Kolkata)" },
  { "value": "Asia/Bangkok", "label": "Bangkok (Thailand)" },
  { "value": "Asia/Singapore", "label": "Singapore" },
  { "value": "Asia/Hong_Kong", "label": "Hong Kong" },
  { "value": "Asia/Shanghai", "label": "China (Shanghai)" },
  { "value": "Asia/Tokyo", "label": "Tokyo (Japan)" },
  { "value": "Asia/Seoul", "label": "Seoul (South Korea)" },
  { "value": "Asia/Manila", "label": "Manila (Philippines)" },
  { "value": "Asia/Jakarta", "label": "Jakarta (Indonesia)" },

  { "value": "Australia/Perth", "label": "Perth (Australia)" },
  { "value": "Australia/Adelaide", "label": "Adelaide (Australia)" },
  { "value": "Australia/Sydney", "label": "Sydney (Australia)" },
  { "value": "Pacific/Auckland", "label": "Auckland (New Zealand)" },

  { "value": "Pacific/Fiji", "label": "Fiji" }
]
